<?xml version="1.0" encoding="UTF-8"?>
<project-private xmlns="http://www.netbeans.org/ns/project-private/1">
    <editor-bookmarks xmlns="http://www.netbeans.org/ns/editor-bookmarks/2" lastBookmarkId="0"/>
    <open-files xmlns="http://www.netbeans.org/ns/projectui-open-files/2">
        <group>
            <file>file:/E:/LibraryApplication/src/libraryapplication/Audiobooks.java</file>
            <file>file:/E:/LibraryApplication/src/libraryapplication/Book.java</file>
            <file>file:/E:/LibraryApplication/src/libraryapplication/LibraryApplication.java</file>
            <file>file:/E:/LibraryApplication/src/libraryapplication/Reports.java</file>
            <file>file:/E:/LibraryApplication/src/libraryapplication/Borrowing.java</file>
        </group>
    </open-files>
</project-private>
